Shipment_ID,Avg_Storage_Temp_C,Temp_Excursion_Hours,Relative_Humidity_Pct,Transit_Duration_Hours,Distance_KM,Packaging_Quality_Score,Vehicle_Load_Pct,Door_Open_Events,Ice_Replacement_Count,Ambient_Temp_C,Inspection_Hygiene_Score,Fuel_Use_Liters,Spoilage_Risk_Score
SHP-0243,5.11,4.02,69.42,13.86,275.25,8.5,50.35,3,1.0,32.94,68.97,55.8,17.97
SHP-0061,3.34,1.59,75.42,8.1,228.63,4.5,83.17,4,0.0,28.52,76.18,34.53,5.53
SHP-0217,2.81,4.13,83.89,6.71,363.17,4.7,65.48,7,1.0,33.12,67.96,75.74,12.95
SHP-0160,5.38,3.24,85.64,12.06,406.61,8.8,54.3,3,1.0,35.61,99.86,96.39,7.88
SHP-0052,3.51,3.38,72.74,6.78,306.74,10.0,59.78,4,4.0,23.94,78.11,69.06,0.0
SHP-0194,1.96,2.36,92.18,11.11,618.69,9.6,91.22,5,0.0,39.58,95.18,141.53,4.88
SHP-0465,4.0,2.87,90.9,,438.41,3.0,85.17,7,1.0,31.67,82.8,75.7,18.14
SHP-0341,2.72,2.51,80.27,9.06,384.64,4.1,89.95,4,3.0,35.73,71.73,83.55,17.24
SHP-0014,0.76,0.87,82.63,2.47,217.37,6.5,73.84,4,3.0,31.2,89.38,48.7,0.0
SHP-0391,2.58,2.66,85.6,18.4,900.0,6.7,86.48,5,0.0,34.47,69.36,195.8,32.56
SHP-0262,4.09,1.85,75.98,15.81,668.82,4.6,82.87,4,4.0,32.2,76.75,,27.71
SHP-0066,6.64,2.68,95.32,9.56,457.28,7.4,75.37,5,1.0,36.66,96.33,96.58,20.91
SHP-0319,4.78,6.97,70.01,3.6,156.26,5.2,76.65,1,2.0,34.47,94.3,36.24,7.12
SHP-0083,6.86,3.02,,16.93,376.2,,71.16,1,2.0,38.12,82.67,85.34,32.16
SHP-0158,5.05,7.27,74.37,12.05,572.97,8.2,69.49,7,1.0,29.55,73.2,128.11,25.91
SHP-0240,5.73,3.45,75.06,9.46,359.72,6.3,66.33,9,0.0,32.78,97.12,77.93,5.57
SHP-0307,6.5,4.87,80.71,8.58,381.68,4.2,59.72,5,4.0,23.36,76.16,81.55,24.11
SHP-0033,4.18,3.46,83.42,9.46,453.8,7.0,71.9,5,3.0,29.59,,98.51,16.85
SHP-0249,7.38,3.69,82.95,12.46,182.96,5.0,44.91,5,1.0,37.87,76.12,49.75,20.5
SHP-0237,0.55,4.38,81.43,11.06,667.57,5.5,77.4,6,2.0,39.29,86.31,128.38,9.75
SHP-0138,3.62,2.12,85.46,10.36,471.17,2.1,81.51,3,2.0,26.13,73.53,104.36,19.86
SHP-0322,11.9,14.0,82.37,3.43,62.07,5.7,88.76,5,2.0,38.31,65.47,8.0,97.6
SHP-0395,6.32,0.7,78.56,12.98,767.52,7.0,79.34,4,4.0,33.6,82.58,157.96,23.79
SHP-0306,4.41,2.23,75.17,12.37,533.3,,76.73,5,4.0,28.43,53.59,100.24,23.24
SHP-0297,5.82,3.49,69.5,10.09,354.27,8.0,87.05,8,0.0,34.78,86.78,83.9,9.1
SHP-0458,2.34,3.41,65.33,11.85,621.84,7.4,65.23,5,5.0,38.34,67.45,121.94,19.06
SHP-0148,1.82,4.86,94.05,8.45,531.88,6.2,88.02,7,2.0,24.81,80.4,116.58,9.49
SHP-0238,4.54,2.42,83.54,7.67,341.7,4.1,44.85,4,1.0,40.41,85.98,75.86,15.62
SHP-0116,4.74,2.75,71.2,8.63,370.13,8.1,70.98,5,2.0,39.47,79.4,94.07,7.89
SHP-0463,2.94,0.96,74.14,16.96,698.34,7.9,70.41,5,0.0,28.06,69.18,156.26,19.41
SHP-0165,5.93,0.7,,14.76,520.09,7.3,88.13,3,0.0,38.46,57.55,108.62,30.04
SHP-0452,5.92,3.55,78.17,11.85,604.34,6.2,82.0,5,3.0,46.4,89.29,134.47,31.09
SHP-0325,2.39,4.78,74.87,10.08,432.87,10.0,52.47,7,2.0,32.83,93.74,80.3,0.0
SHP-0189,2.68,6.91,82.11,8.94,394.85,8.3,91.49,4,3.0,39.72,89.22,87.37,11.65
SHP-0115,3.85,4.76,76.33,,419.86,6.8,73.9,8,3.0,30.39,77.98,100.18,15.03
SHP-0091,4.37,0.98,81.93,9.33,421.31,7.2,60.45,6,3.0,30.14,82.36,95.17,4.49
SHP-0424,5.95,1.34,,16.04,900.0,7.8,71.75,2,3.0,36.37,,199.83,33.62
SHP-0360,2.71,14.19,93.2,8.93,240.17,7.7,92.99,6,,38.43,68.94,45.77,27.64
SHP-0257,6.48,5.52,74.14,7.8,282.7,5.4,54.86,5,0.0,42.76,78.66,66.94,25.03
SHP-0239,3.01,3.85,79.41,1.5,49.0,6.9,81.74,5,1.0,33.68,63.76,16.33,0.0
SHP-0218,3.77,4.27,75.75,14.48,631.5,5.5,79.08,4,4.0,30.95,87.44,133.75,15.02
SHP-0409,4.42,2.63,76.9,10.06,510.25,6.5,81.37,3,1.0,35.8,79.53,98.91,16.26
SHP-0254,12.3,16.3,89.0,12.4,537.13,2.2,73.56,4,2.0,31.54,64.76,107.77,99.1
SHP-0372,5.1,2.62,74.52,11.95,481.44,7.2,59.44,6,4.0,31.91,83.11,112.9,14.98
SHP-0121,5.62,2.6,68.43,14.5,756.5,7.9,75.96,6,2.0,30.0,84.82,162.83,21.37
SHP-0177,4.22,5.42,75.02,2.43,131.35,7.6,70.32,2,1.0,42.07,,26.47,0.0
SHP-0233,4.28,8.33,79.6,13.4,509.85,8.4,93.08,7,,37.29,92.54,107.95,12.9
SHP-0294,5.73,5.04,89.3,13.14,638.15,5.1,84.72,2,2.0,32.69,80.57,142.05,28.59
SHP-0406,5.32,1.9,63.35,13.57,358.45,7.8,63.54,5,2.0,38.99,72.05,82.71,11.7
SHP-0448,2.51,0.48,71.98,5.66,218.66,6.1,67.06,7,0.0,44.92,80.32,49.48,1.65
SHP-0475,7.16,1.99,76.2,8.46,221.99,6.9,73.92,6,0.0,25.73,71.16,,15.64
SHP-0439,1.13,2.58,,2.89,98.52,,100.0,6,3.0,27.72,88.48,17.07,0.0
SHP-0354,3.91,7.09,81.91,8.57,208.79,7.0,63.1,6,0.0,35.58,87.44,53.57,4.62
SHP-0358,3.68,6.12,76.07,16.13,473.5,4.8,77.4,5,1.0,28.82,77.67,105.86,25.97
SHP-0426,6.66,1.71,79.56,9.95,383.73,8.2,60.47,2,2.0,33.69,72.45,96.07,13.88
SHP-0437,7.13,1.77,78.66,12.72,222.43,6.2,67.3,4,2.0,20.0,64.28,59.54,19.67
SHP-0245,2.04,5.16,81.49,10.35,644.5,9.3,46.34,2,2.0,37.53,80.42,133.2,2.93
SHP-0431,2.07,9.79,74.57,1.5,60.58,8.0,99.39,5,4.0,45.67,60.2,18.37,9.1
SHP-0434,5.49,3.53,77.34,11.62,568.25,,66.87,3,3.0,30.89,73.48,132.18,15.9
SHP-0348,1.67,5.61,93.51,18.36,900.0,7.6,59.55,2,0.0,38.67,80.95,208.29,22.81
SHP-0133,2.29,3.74,83.78,9.78,556.74,7.2,78.22,5,1.0,33.05,40.0,107.05,19.39
SHP-0206,2.51,2.14,71.38,12.02,466.84,4.6,81.99,8,1.0,31.52,74.11,,15.97
SHP-0259,5.0,6.13,78.98,7.97,295.86,6.1,36.14,7,1.0,29.1,76.4,59.44,16.58
SHP-0323,2.73,8.78,76.09,9.3,377.37,,82.01,5,3.0,35.84,81.96,91.65,11.46
SHP-0293,3.14,2.07,78.19,19.65,498.59,6.8,76.87,6,0.0,26.74,84.55,116.79,12.92
SHP-0031,3.12,0.62,73.16,11.15,483.07,4.4,44.94,3,2.0,26.78,82.36,87.18,0.36
SHP-0244,5.76,9.29,55.0,14.94,323.69,4.9,67.4,6,3.0,38.1,100.0,79.82,31.57
SHP-0419,6.32,1.66,95.37,6.4,306.74,10.0,69.84,5,0.0,34.56,82.17,62.76,0.89
SHP-0032,7.53,1.92,92.61,11.04,323.36,8.3,72.8,7,3.0,36.17,79.66,79.96,20.16
SHP-0467,5.31,4.9,75.85,6.68,260.55,7.7,74.64,5,1.0,31.04,90.66,56.17,2.34
SHP-0053,2.98,9.81,69.62,13.86,449.78,6.7,54.56,5,3.0,22.62,89.4,100.8,13.44
SHP-0469,3.25,0.39,60.79,11.67,429.55,5.6,99.99,7,0.0,34.43,84.39,82.95,17.55
SHP-0264,2.36,4.33,65.49,11.2,283.38,9.6,54.32,6,2.0,32.31,89.43,72.29,0.0
SHP-0146,5.61,0.48,79.48,10.78,409.0,5.0,47.29,7,2.0,34.01,68.22,90.4,13.17
SHP-0102,3.44,3.25,78.17,17.83,557.63,6.6,53.94,2,4.0,32.92,76.86,120.89,18.9
SHP-0057,2.69,7.24,85.97,9.89,360.89,8.3,61.5,6,1.0,39.2,74.67,86.17,17.9
SHP-0222,0.84,10.45,73.77,10.62,309.47,3.7,92.07,5,0.0,23.42,58.94,79.56,16.13
SHP-0003,5.37,1.74,68.64,12.83,518.66,6.0,65.8,3,1.0,29.34,,103.8,15.15
SHP-0059,4.8,13.31,66.63,6.76,227.15,6.4,74.49,2,1.0,23.7,86.79,40.69,27.36
SHP-0342,4.64,2.57,75.93,11.87,591.01,5.7,68.58,6,3.0,25.83,77.59,123.6,20.45
SHP-0477,5.24,3.77,79.35,17.98,690.95,4.7,54.77,1,0.0,29.15,78.61,154.33,39.68
SHP-0410,5.13,7.7,85.62,6.18,248.57,6.1,67.32,3,1.0,29.41,62.48,52.04,18.69
SHP-0480,6.22,0.78,89.29,9.27,255.88,6.7,79.88,5,1.0,39.09,89.79,70.02,12.5
SHP-0075,0.2,1.19,75.08,14.69,629.02,4.7,73.37,7,3.0,30.3,63.54,135.03,18.08
SHP-0317,5.43,3.95,88.38,9.11,394.28,6.5,60.12,3,2.0,40.12,79.23,89.66,16.49
SHP-0090,5.12,0.99,90.86,7.52,216.86,2.8,79.32,6,1.0,20.0,67.64,42.42,18.91
SHP-0403,4.21,3.66,56.37,7.26,231.21,8.2,73.15,4,2.0,40.65,77.24,55.53,8.22
SHP-0454,5.11,4.07,77.51,7.29,347.93,9.3,58.74,5,1.0,32.99,80.02,83.11,5.03
SHP-0081,3.8,2.18,76.23,5.22,284.65,7.6,90.55,6,0.0,33.98,80.64,64.89,10.98
SHP-0221,8.37,3.25,65.5,8.69,581.49,4.8,100.0,4,1.0,43.02,71.66,119.03,45.69
SHP-0027,2.13,5.03,89.77,14.0,776.91,4.3,49.21,4,3.0,42.28,78.42,,18.91
SHP-0166,4.94,3.14,63.07,12.83,415.0,6.2,62.17,5,1.0,30.01,72.21,93.3,19.8
SHP-0461,7.74,5.92,65.35,7.61,288.33,4.4,62.0,2,4.0,26.89,88.1,66.87,17.36
SHP-0351,4.76,4.31,82.11,18.09,807.63,8.4,72.15,3,2.0,42.23,72.5,166.52,30.33
SHP-0442,4.14,3.85,88.72,9.67,385.16,6.5,73.12,3,0.0,34.46,83.94,81.66,11.58
SHP-0228,2.26,10.74,77.71,6.72,298.87,9.7,76.68,3,2.0,34.83,,53.78,0.0
SHP-0119,6.26,7.31,91.36,11.51,534.62,5.0,78.47,6,1.0,42.67,83.57,107.18,35.3
SHP-0051,4.78,1.35,87.6,3.27,156.82,8.3,60.09,5,4.0,41.9,75.68,25.01,0.0
SHP-0201,4.84,2.81,84.13,10.84,269.23,5.6,70.08,2,2.0,33.68,70.49,50.87,4.23
SHP-0015,1.1,5.01,78.96,7.81,375.79,2.7,62.62,4,0.0,36.67,72.71,,17.37
SHP-0214,5.37,10.45,,8.36,570.78,2.0,100.0,7,4.0,30.26,91.74,105.78,36.2
SHP-0394,7.5,6.31,76.65,7.41,410.33,5.2,96.94,5,1.0,31.23,56.38,100.6,39.31
SHP-0446,5.41,1.69,83.37,10.14,477.35,2.8,40.03,6,3.0,38.32,82.8,87.97,18.4
SHP-0004,6.94,0.84,63.58,,635.94,4.9,78.61,7,3.0,37.34,84.75,126.21,25.5
SHP-0456,2.77,2.9,65.89,6.08,253.85,3.4,60.42,3,1.0,39.2,67.84,40.12,11.8
SHP-0060,5.96,2.28,90.01,11.7,262.24,5.4,46.44,4,4.0,45.24,68.54,80.73,27.08
SHP-0269,3.41,5.28,80.39,12.68,698.88,7.6,67.27,5,0.0,27.37,68.3,144.21,20.24
SHP-0290,3.08,1.86,81.39,6.02,285.03,6.6,70.9,6,1.0,35.8,69.1,50.34,0.53
SHP-0455,3.25,4.23,72.33,14.78,694.51,3.6,60.2,2,2.0,26.07,73.05,153.13,20.06
SHP-0099,4.21,3.49,73.77,,25.09,5.5,89.27,9,1.0,31.25,95.46,8.0,0.0
SHP-0359,4.78,4.78,83.38,4.3,192.52,5.0,69.88,5,2.0,40.17,86.3,47.57,5.97
SHP-0041,5.53,2.0,78.26,5.64,309.1,9.4,76.53,7,2.0,25.17,89.07,59.18,5.88
SHP-0163,6.29,2.08,68.87,13.2,738.33,7.2,54.19,3,2.0,34.12,78.06,153.39,20.92
SHP-0147,1.97,1.0,90.34,9.93,515.21,5.5,68.5,8,3.0,34.65,72.93,108.6,15.13
SHP-0440,4.1,7.55,71.98,11.28,387.62,,63.98,6,2.0,34.33,69.62,83.48,8.03
SHP-0453,2.43,3.08,93.21,3.1,150.0,8.1,77.41,4,1.0,32.89,75.66,38.17,0.0
SHP-0444,4.04,5.52,78.92,8.05,393.89,4.2,77.69,7,2.0,42.26,83.85,91.16,27.95
SHP-0156,2.91,2.06,77.97,13.45,391.75,7.1,60.8,4,1.0,37.3,82.49,97.93,9.0
SHP-0430,1.03,4.4,77.7,8.32,359.43,7.0,78.3,7,2.0,29.93,90.09,77.91,0.0
SHP-0080,0.62,9.37,69.17,5.49,148.9,9.1,80.83,4,0.0,31.34,94.65,43.62,0.0
SHP-0295,4.84,8.41,77.36,9.92,284.87,2.7,51.38,4,1.0,41.07,64.76,67.18,32.6
SHP-0029,3.12,3.46,72.65,15.57,748.76,9.2,48.36,8,0.0,34.9,89.54,160.31,15.71
SHP-0042,4.51,3.56,71.97,8.36,305.4,6.4,92.25,4,1.0,36.17,82.15,67.07,14.62
SHP-0373,6.81,8.3,82.1,17.22,818.83,5.6,65.49,6,1.0,30.53,70.04,188.96,54.1
SHP-0389,5.91,4.11,69.57,8.25,384.57,6.4,73.22,8,5.0,28.57,88.07,74.8,19.33
SHP-0023,4.32,5.69,76.62,7.42,285.55,8.8,88.03,4,3.0,35.3,67.5,57.83,10.88
SHP-0370,2.81,7.44,79.52,,269.37,7.0,47.54,3,0.0,45.88,79.95,61.17,9.26
SHP-0110,4.07,6.38,81.05,11.87,599.37,4.8,82.28,3,2.0,26.25,93.28,140.39,26.23
SHP-0480,6.22,0.78,89.29,9.27,255.88,6.7,79.88,5,1.0,39.09,89.79,70.02,12.5
SHP-0275,2.43,3.68,85.35,6.52,267.16,,48.07,7,4.0,26.21,100.0,60.92,0.0
SHP-0058,3.64,5.25,71.95,11.12,599.22,7.2,81.19,5,0.0,30.96,86.85,135.01,16.42
SHP-0352,6.86,12.16,79.44,10.03,467.25,7.9,75.01,4,3.0,32.43,72.9,105.47,35.83
SHP-0063,2.21,2.25,88.63,12.19,473.59,8.0,60.09,11,3.0,40.07,75.27,101.61,12.32
SHP-0112,4.15,5.57,83.39,10.39,308.67,5.2,71.26,6,3.0,38.68,75.47,73.8,21.13
SHP-0085,2.74,7.03,84.88,12.55,266.3,7.1,88.51,7,0.0,35.84,,,20.91
SHP-0355,4.17,1.3,83.08,9.28,441.64,3.0,92.92,8,2.0,26.06,72.02,86.82,14.5
SHP-0356,2.4,1.97,86.88,15.49,482.63,6.5,86.41,5,5.0,36.45,69.31,113.8,7.84
SHP-0139,5.66,1.7,66.65,9.21,409.88,7.6,43.25,4,3.0,26.93,84.12,,0.0
SHP-0180,9.1,2.33,90.35,6.73,259.71,5.0,80.47,2,4.0,24.52,74.0,65.07,11.12
SHP-0130,3.29,2.12,81.36,22.55,900.0,8.9,77.4,4,2.0,40.48,98.77,202.62,25.11
SHP-0174,4.81,1.25,82.66,9.42,536.42,,77.14,3,0.0,37.92,77.9,113.34,17.64
SHP-0097,4.73,2.69,81.2,18.3,900.0,5.2,96.52,5,0.0,39.47,60.32,193.84,49.29
SHP-0188,4.07,3.55,65.24,9.22,466.15,9.9,79.44,6,,37.31,92.27,93.83,11.71
SHP-0436,4.33,0.85,84.08,5.72,296.3,5.0,65.81,9,1.0,28.77,75.37,69.24,10.14
SHP-0142,6.55,6.76,88.1,14.54,544.59,9.9,85.89,4,2.0,34.92,81.43,123.14,26.81
SHP-0443,0.48,2.6,63.0,11.39,663.74,4.0,79.54,5,2.0,31.72,78.03,150.7,17.14
SHP-0361,5.13,3.19,76.94,8.28,389.76,3.8,71.2,4,1.0,39.37,,88.2,31.29
SHP-0205,1.72,1.94,70.98,11.91,567.9,6.5,100.0,2,3.0,28.91,72.68,126.6,9.41
SHP-0296,2.95,6.34,81.62,8.95,230.28,8.4,78.2,2,2.0,33.69,73.64,54.04,0.0
SHP-0207,5.13,1.94,76.19,14.24,546.93,5.2,65.87,3,2.0,34.41,66.76,116.63,30.01
SHP-0309,5.18,10.08,79.35,10.41,397.16,5.0,94.47,7,2.0,41.32,64.36,90.28,44.25
SHP-0229,2.91,5.1,65.08,8.1,365.81,7.8,81.09,5,1.0,30.82,97.74,76.34,0.0
SHP-0169,3.76,5.17,90.11,9.89,425.33,7.4,72.78,6,2.0,28.74,87.14,97.93,16.22
SHP-0082,4.84,1.38,75.79,10.57,596.47,6.2,80.73,2,1.0,33.77,72.41,119.01,21.51
SHP-0331,4.18,1.2,85.99,15.13,515.84,7.0,68.56,5,5.0,30.21,84.76,122.36,6.89
SHP-0329,5.32,5.75,87.74,8.5,366.37,4.7,68.92,4,1.0,32.49,87.25,77.66,22.06
SHP-0365,5.44,1.16,60.62,18.1,705.47,6.0,95.82,4,1.0,32.51,71.63,154.96,30.17
SHP-0415,4.8,3.45,78.6,17.91,570.22,6.7,70.24,2,4.0,33.05,97.13,134.32,10.49
SHP-0260,5.59,5.31,91.0,9.41,444.67,9.9,65.18,3,2.0,34.38,75.57,95.16,14.82
SHP-0369,4.38,4.65,80.66,11.7,489.16,5.8,70.6,4,2.0,33.77,79.58,121.35,22.59
SHP-0285,8.04,3.32,72.85,10.16,429.6,7.0,57.88,5,1.0,49.0,,90.1,32.17
SHP-0054,5.3,5.97,82.29,16.46,415.65,4.9,51.6,4,2.0,34.49,66.2,96.11,36.93
SHP-0301,2.71,8.02,87.5,12.86,587.27,6.8,72.54,6,1.0,37.21,94.26,122.74,19.93
SHP-0140,1.98,3.87,63.91,9.39,380.08,,71.73,8,2.0,25.11,62.41,94.88,5.79
SHP-0338,3.62,0.71,87.5,5.94,228.74,5.1,70.86,8,0.0,37.3,54.35,54.38,6.84
SHP-0272,1.62,5.52,87.19,13.27,776.95,6.1,72.77,5,2.0,37.0,76.29,163.44,18.8
SHP-0067,4.07,1.39,72.85,9.65,555.57,8.8,56.3,3,2.0,39.96,62.7,115.51,18.16
SHP-0402,3.12,8.24,86.01,14.03,872.65,7.0,77.41,5,4.0,37.19,72.34,184.16,41.37
SHP-0250,4.93,1.83,94.46,14.82,628.72,7.1,69.52,3,5.0,33.57,86.41,144.64,16.21
SHP-0282,5.39,4.56,84.82,12.41,537.7,6.3,85.23,8,3.0,37.99,90.84,107.16,27.23
SHP-0281,4.4,5.8,78.54,8.69,303.19,4.5,96.38,4,1.0,27.65,83.84,,17.48
SHP-0100,3.78,3.87,82.69,8.86,494.02,6.7,67.52,8,2.0,36.99,85.23,101.51,9.8
SHP-0417,6.99,2.09,76.03,16.47,900.0,7.4,67.94,7,2.0,41.03,97.84,194.05,40.03
SHP-0149,5.14,1.79,94.49,14.5,503.62,7.8,93.51,3,0.0,48.91,92.85,133.34,25.79
SHP-0016,3.19,1.92,70.22,10.37,574.12,7.9,85.53,6,2.0,29.33,85.78,121.82,0.0
SHP-0164,2.72,5.21,76.45,13.02,881.64,8.7,77.06,5,1.0,35.74,59.52,175.94,20.68
SHP-0387,4.82,5.01,84.4,8.12,333.06,6.7,72.45,3,3.0,34.44,66.99,78.29,9.34
SHP-0047,3.37,2.36,75.08,15.24,816.33,5.8,74.11,2,0.0,44.19,69.11,170.92,41.66
SHP-0087,5.85,2.35,,2.8,114.0,5.4,60.42,8,0.0,29.39,87.26,16.21,4.24
SHP-0038,0.67,5.06,80.39,,237.1,8.2,66.29,7,,38.64,,52.49,0.0
SHP-0404,4.28,4.94,83.42,13.16,779.45,7.9,89.79,6,0.0,33.87,93.38,151.88,20.44
SHP-0376,2.82,9.38,82.92,4.83,213.75,6.3,76.91,6,1.0,38.04,64.88,45.38,13.85
SHP-0173,4.06,3.9,87.77,7.3,233.49,6.6,99.98,7,2.0,41.23,80.13,51.63,17.46
SHP-0074,7.02,4.11,86.58,8.66,297.92,6.0,77.77,1,1.0,34.78,70.66,73.47,26.36
SHP-0268,1.63,4.66,98.0,9.7,269.46,9.1,65.89,5,4.0,29.3,81.88,,0.0
SHP-0105,3.91,8.92,79.93,8.14,277.35,8.9,92.14,4,2.0,42.21,80.63,67.87,13.23
SHP-0203,6.15,3.78,77.2,13.23,672.41,6.2,81.21,3,1.0,34.63,,149.61,34.95
SHP-0246,3.6,3.84,85.23,10.79,460.81,,84.52,6,3.0,32.51,69.49,98.42,27.03
SHP-0017,2.38,2.23,87.57,10.64,442.92,3.7,77.16,7,3.0,35.68,63.41,78.34,16.04
SHP-0304,5.3,3.87,80.61,10.08,335.22,8.6,76.54,7,1.0,39.83,68.84,70.96,15.28
SHP-0299,5.66,6.22,76.5,5.28,187.73,6.8,83.81,2,2.0,40.44,83.69,39.74,7.61
SHP-0089,3.25,0.63,76.01,6.85,191.74,6.5,91.33,5,1.0,32.82,79.82,56.08,6.87
SHP-0371,4.24,1.06,83.68,7.43,365.82,6.2,67.63,9,3.0,34.5,77.76,64.24,5.16
SHP-0141,4.61,1.39,65.79,9.22,370.22,6.0,76.0,5,3.0,36.05,67.22,98.08,15.18
SHP-0195,4.51,2.66,91.29,15.44,623.07,6.7,65.64,3,1.0,34.59,76.11,138.56,26.74
SHP-0103,3.58,2.12,,5.08,259.99,6.3,66.65,3,0.0,36.25,72.57,46.36,10.25
SHP-0247,3.35,2.31,59.1,7.53,252.92,,45.09,6,0.0,35.2,86.64,48.7,0.0
SHP-0175,4.7,6.86,76.19,6.83,404.45,6.6,69.15,5,4.0,28.36,76.26,86.06,12.01
SHP-0171,2.6,4.67,69.81,9.35,307.22,4.2,87.29,6,0.0,26.26,94.16,74.94,0.0
SHP-0236,5.34,3.73,78.49,9.59,413.47,6.5,58.27,6,,35.56,79.39,80.81,11.62
SHP-0158,5.05,7.27,74.37,12.05,572.97,8.2,69.49,7,1.0,29.55,73.2,128.11,25.91
SHP-0071,4.85,10.91,90.23,12.24,504.9,7.3,68.43,6,5.0,38.18,61.83,116.52,32.72
SHP-0134,5.05,4.19,75.02,11.14,647.97,7.4,76.46,4,3.0,41.91,90.37,135.47,19.73
SHP-0274,4.22,10.48,66.49,6.39,281.68,8.9,54.07,4,,34.81,77.84,71.91,14.2
SHP-0318,3.64,6.83,77.82,15.96,545.52,4.2,65.14,8,3.0,33.61,63.42,134.72,32.4
SHP-0364,4.92,9.58,77.04,11.85,553.69,,63.12,5,1.0,39.38,77.21,112.45,41.68
SHP-0213,5.92,9.14,77.83,7.22,249.17,5.9,63.76,5,2.0,29.42,74.83,64.54,25.65
SHP-0302,3.19,3.87,98.0,12.87,709.79,7.9,79.51,7,4.0,32.53,80.36,153.98,19.16
SHP-0460,2.04,3.27,82.07,8.99,392.98,8.2,35.0,7,3.0,30.11,80.12,93.3,3.43
SHP-0334,2.98,3.21,77.81,10.99,416.03,5.2,64.23,5,2.0,40.44,89.65,90.0,16.95
SHP-0339,4.94,2.35,74.28,6.76,191.91,5.1,86.03,5,2.0,29.02,98.52,48.47,0.61
SHP-0223,5.44,2.17,84.35,13.3,618.33,5.8,68.44,5,3.0,37.17,77.12,130.03,20.68
SHP-0019,2.57,1.62,77.78,15.06,465.38,5.8,60.34,6,2.0,29.06,58.15,118.55,22.05
SHP-0178,6.82,6.39,86.71,10.85,540.07,4.5,69.29,8,2.0,33.83,64.5,111.87,32.11
SHP-0378,4.53,1.94,,11.89,475.64,4.5,58.66,2,2.0,31.47,69.49,110.29,26.87
SHP-0021,6.84,1.5,74.45,13.88,711.43,5.3,83.31,7,1.0,31.94,82.4,154.2,31.56
SHP-0056,5.88,0.79,83.75,7.63,364.49,6.8,76.23,5,1.0,34.04,77.86,81.41,13.09
SHP-0278,3.12,0.45,86.64,16.57,603.55,6.9,69.54,2,1.0,28.4,81.32,125.02,15.23
SHP-0413,1.44,5.25,91.12,10.42,647.96,4.5,74.18,3,2.0,33.82,74.78,,11.28
SHP-0353,5.74,2.99,80.81,9.24,309.09,4.1,53.0,2,0.0,23.15,80.87,69.97,15.79
SHP-0035,5.68,2.05,95.26,13.17,616.41,6.8,59.4,5,3.0,29.58,73.19,119.52,22.22
SHP-0182,2.66,7.74,69.04,13.75,323.0,5.7,76.41,5,1.0,40.42,84.77,79.19,21.2
SHP-0185,3.8,3.87,80.59,6.92,208.75,6.2,86.43,8,1.0,32.4,59.2,51.39,18.94
SHP-0151,4.65,0.86,86.19,6.91,267.3,4.2,80.01,6,4.0,35.16,75.79,58.65,4.37
SHP-0208,5.12,7.44,80.94,21.04,900.0,4.2,65.44,6,3.0,40.56,81.78,206.63,43.69
SHP-0407,2.28,1.04,82.09,5.16,181.75,6.3,87.86,2,1.0,30.11,82.78,38.96,0.0
SHP-0241,2.77,5.29,71.38,,801.44,7.3,100.0,5,1.0,35.05,71.59,175.22,37.67
SHP-0362,6.96,7.08,70.2,12.35,564.79,5.3,77.25,4,0.0,34.05,72.67,127.33,43.87
SHP-0314,5.66,0.61,77.06,10.2,539.01,8.7,77.91,2,4.0,27.81,81.06,114.68,6.74
SHP-0098,4.67,15.37,72.79,6.32,332.8,9.7,85.6,3,1.0,38.96,100.0,54.41,16.97
SHP-0388,7.58,5.7,65.07,11.06,596.69,7.0,68.56,5,,35.77,85.32,124.97,25.8
SHP-0421,7.91,5.03,78.99,9.24,351.11,8.6,87.81,6,0.0,32.28,83.71,82.68,20.59
SHP-0155,4.73,3.83,71.45,7.49,373.26,7.1,97.37,6,2.0,30.53,83.45,67.85,9.39
SHP-0123,6.73,1.03,87.57,2.91,119.81,3.7,54.54,3,0.0,35.83,84.04,35.31,11.85
SHP-0114,8.63,2.15,68.21,8.43,437.99,8.4,62.95,8,3.0,27.88,80.97,81.35,16.02
SHP-0397,1.12,2.79,70.58,7.4,302.05,8.4,52.74,7,1.0,35.31,87.89,58.62,0.0
SHP-0325,2.39,4.78,74.87,10.08,432.87,10.0,52.47,7,2.0,32.83,93.74,80.3,0.0
SHP-0172,2.73,4.57,92.83,,304.78,6.9,73.17,5,1.0,26.86,68.35,59.96,4.21
SHP-0109,4.66,1.7,84.03,11.01,450.43,5.9,54.46,6,1.0,39.67,94.0,96.31,11.56
SHP-0079,4.37,4.7,94.45,3.72,118.18,5.9,57.53,2,2.0,28.34,84.28,24.71,2.01
SHP-0095,3.49,10.75,79.45,5.71,187.33,3.4,87.7,3,5.0,32.82,85.91,52.3,16.29
SHP-0062,3.87,3.52,75.99,9.94,521.57,7.8,85.35,6,1.0,28.18,80.81,103.89,9.63
SHP-0284,1.97,3.21,71.23,9.35,409.49,3.7,54.17,8,0.0,44.46,72.43,84.17,14.23
SHP-0126,8.14,0.71,78.12,7.38,323.82,6.3,53.32,0,1.0,35.83,78.91,79.93,16.87
SHP-0383,0.38,2.56,76.21,5.0,126.01,7.1,70.6,6,3.0,42.79,60.44,28.07,0.0
SHP-0303,5.55,10.12,82.64,11.75,506.61,5.9,63.67,7,1.0,34.92,74.14,,43.06
SHP-0474,6.66,2.54,78.61,6.01,214.9,7.3,85.83,4,1.0,34.83,64.38,61.45,20.94
SHP-0092,5.94,2.71,83.88,8.11,339.76,4.7,69.66,7,2.0,29.18,70.38,69.53,25.43
SHP-0468,5.56,3.5,70.87,12.09,478.52,6.2,81.82,0,1.0,36.57,85.1,98.19,13.55
SHP-0411,5.48,1.61,90.9,8.37,289.0,8.4,64.9,5,2.0,43.09,100.0,73.46,5.14
SHP-0271,6.79,3.87,74.59,3.78,127.52,6.3,66.75,10,2.0,20.0,79.49,33.08,10.88
SHP-0220,4.35,1.67,82.13,9.96,424.74,7.5,47.54,8,0.0,43.48,67.76,94.28,12.26
SHP-0427,2.46,3.97,72.06,4.99,334.51,7.9,71.54,7,3.0,31.92,68.12,74.76,6.07
SHP-0265,3.75,1.03,85.06,12.49,477.01,6.2,60.21,3,2.0,35.98,79.5,107.09,3.84
SHP-0400,6.43,4.6,82.01,7.6,352.22,7.4,72.67,5,2.0,32.06,92.02,77.29,9.62
SHP-0025,3.22,5.67,67.02,5.23,201.01,8.6,63.05,8,2.0,29.56,76.97,48.06,0.0
SHP-0315,6.55,2.23,61.03,10.69,515.82,9.7,60.69,3,1.0,36.14,78.93,106.88,20.69
SHP-0343,4.64,12.08,82.69,13.95,456.12,6.5,58.62,3,5.0,37.35,76.54,102.75,21.18
SHP-0300,5.33,5.26,85.89,14.46,331.01,8.2,100.0,5,4.0,24.9,81.83,84.66,17.96
SHP-0127,2.42,5.16,71.72,7.62,361.08,9.8,63.65,6,3.0,41.15,79.08,74.69,0.0
SHP-0398,6.64,3.61,79.91,15.29,848.29,4.3,37.17,4,2.0,29.38,74.19,176.29,38.86
SHP-0414,6.5,4.52,,12.34,470.67,5.7,80.72,4,4.0,31.23,77.68,103.91,22.96
SHP-0179,3.72,2.17,93.08,10.0,393.81,6.2,87.44,4,3.0,48.29,78.2,112.59,19.02
SHP-0423,3.75,2.05,78.35,9.49,556.8,7.3,52.4,2,1.0,32.42,,112.43,5.37
SHP-0366,3.48,3.17,84.78,4.55,153.37,7.7,52.57,4,1.0,26.36,85.41,37.37,0.0
SHP-0224,1.3,3.95,67.97,6.53,260.22,6.0,58.57,3,1.0,33.02,,,0.81
SHP-0345,3.35,3.99,84.97,8.72,350.22,6.1,72.41,5,6.0,33.04,67.42,,5.0
SHP-0094,3.61,3.2,87.39,12.99,494.4,3.5,64.06,3,3.0,29.57,86.78,104.21,8.78
SHP-0070,3.04,4.52,80.15,16.39,463.1,6.1,72.27,8,5.0,22.25,84.04,116.38,6.93
SHP-0037,4.58,8.61,83.94,15.22,309.61,8.3,80.5,5,2.0,48.97,66.43,79.03,29.48
SHP-0161,2.45,10.31,78.71,7.43,356.49,7.2,82.2,4,3.0,38.01,75.53,87.62,13.24
SHP-0012,3.36,2.87,79.47,9.17,294.72,7.3,73.69,4,2.0,35.4,91.34,77.52,0.59
SHP-0145,4.67,6.57,73.49,12.62,490.59,9.8,62.8,4,2.0,31.78,70.13,113.31,19.65
SHP-0347,1.59,3.24,79.01,6.66,237.33,7.6,91.29,6,4.0,32.96,72.22,44.72,0.0
SHP-0128,3.18,0.33,83.19,15.5,658.34,4.0,90.69,4,5.0,37.67,87.98,151.12,15.91
SHP-0279,4.33,2.3,74.42,6.4,245.72,7.6,63.06,4,1.0,38.73,74.24,46.1,7.94
SHP-0010,5.18,1.57,81.13,10.43,311.33,6.6,100.0,9,2.0,28.21,89.36,90.52,15.8
SHP-0479,9.74,6.44,69.28,12.43,395.5,2.7,100.0,4,2.0,40.4,78.81,88.26,47.9
SHP-0177,4.22,5.42,75.02,2.43,131.35,7.6,70.32,2,1.0,42.07,,26.47,0.0
SHP-0232,4.59,4.82,71.52,10.77,477.75,5.8,59.3,3,2.0,35.29,88.33,102.26,14.84
SHP-0211,5.23,2.1,89.94,9.9,404.65,8.4,89.64,6,2.0,34.79,69.36,90.39,10.16
SHP-0129,4.38,9.91,77.03,1.5,54.88,7.3,87.3,6,2.0,30.07,84.44,14.01,5.93
SHP-0144,4.53,4.04,98.0,1.5,34.58,5.7,82.16,4,0.0,35.34,,10.34,1.44
SHP-0242,3.99,12.62,78.69,13.7,863.03,5.5,63.16,4,1.0,27.68,75.35,171.73,40.37
SHP-0008,5.58,6.17,,,499.29,8.7,46.44,2,1.0,30.37,79.54,110.07,18.94
SHP-0255,1.47,0.82,72.83,4.22,117.81,,74.25,4,2.0,37.62,96.08,32.19,0.0
SHP-0363,4.0,7.43,86.86,3.61,155.85,7.4,90.04,5,3.0,26.21,70.34,26.93,4.67
SHP-0328,5.62,7.37,75.42,7.53,405.99,8.3,75.58,5,2.0,34.01,86.96,82.64,18.02
SHP-0009,3.35,3.54,73.63,5.43,293.43,8.4,75.45,4,0.0,25.35,77.17,58.8,0.69
SHP-0157,7.56,3.66,,13.81,711.52,3.4,96.61,6,2.0,36.12,87.21,164.49,41.49
SHP-0028,10.8,12.5,76.33,7.32,377.92,4.6,80.6,3,1.0,28.06,100.0,83.17,92.4
SHP-0267,9.7,10.5,76.56,14.16,900.0,10.0,72.89,5,2.0,28.5,88.31,187.28,88.9
SHP-0065,5.66,2.18,81.65,8.25,321.23,9.1,62.01,8,2.0,33.65,80.81,,0.94
SHP-0256,3.33,1.33,71.61,1.5,74.68,9.2,80.62,5,2.0,31.83,94.41,20.97,0.0
SHP-0311,3.81,3.43,69.95,5.04,230.36,5.0,87.47,5,2.0,26.63,86.1,36.88,3.38
SHP-0154,4.62,4.78,73.59,4.48,205.18,6.3,72.18,9,1.0,33.23,87.67,39.56,5.45
SHP-0049,4.82,2.56,67.22,7.75,363.58,6.3,71.7,6,5.0,27.96,67.86,74.61,8.1
SHP-0209,5.13,8.51,85.31,11.57,504.88,8.1,72.7,4,,26.63,100.0,105.85,18.21
SHP-0288,5.26,3.4,74.77,7.95,218.85,6.3,87.39,3,,32.05,87.56,52.44,0.0
SHP-0002,3.95,1.42,76.2,10.08,518.95,7.5,53.36,8,0.0,34.93,74.38,107.3,10.9
SHP-0270,4.44,8.08,71.99,5.71,304.03,5.0,83.75,3,,29.13,64.47,64.65,19.33
SHP-0266,1.95,8.62,77.38,5.44,198.51,4.3,76.78,5,4.0,36.98,85.12,50.19,8.18
SHP-0320,3.97,3.23,73.96,6.69,347.51,4.8,78.16,5,7.0,32.47,81.7,66.64,8.49
SHP-0327,6.28,3.27,90.92,4.96,306.21,8.5,67.76,4,2.0,32.14,69.63,66.82,0.16
SHP-0096,1.57,7.17,67.63,10.96,446.45,4.1,54.8,1,2.0,42.48,,99.83,17.02
SHP-0451,4.09,14.8,86.61,12.67,395.21,6.1,35.0,5,3.0,33.54,71.66,86.62,30.15
SHP-0478,4.76,3.34,81.54,22.44,900.0,6.1,81.28,3,4.0,34.5,97.26,204.42,34.68
SHP-0386,4.47,8.34,75.57,8.19,360.19,5.0,91.81,5,1.0,31.19,71.75,70.35,22.95
SHP-0117,4.14,2.46,73.36,12.49,280.14,8.3,68.79,4,5.0,29.81,78.54,68.65,0.0
SHP-0046,2.9,4.46,79.09,13.12,362.2,4.7,70.63,4,2.0,37.87,65.31,88.07,25.87
SHP-0162,5.62,5.52,89.82,11.73,410.95,8.3,63.69,5,1.0,41.66,85.35,86.33,25.8
SHP-0377,5.77,1.59,70.52,6.17,239.6,5.0,78.31,6,3.0,30.92,79.88,44.33,11.53
SHP-0118,2.1,2.49,82.71,8.52,428.0,5.4,63.8,2,3.0,32.35,64.74,,0.39
SHP-0289,4.71,2.73,70.36,9.09,353.6,7.5,81.24,4,2.0,30.74,77.43,74.22,6.98
SHP-0078,3.66,1.68,62.27,,395.01,9.2,90.4,4,3.0,37.53,77.75,92.27,2.97
SHP-0405,3.39,1.83,72.77,2.12,179.48,4.5,75.21,5,2.0,43.01,71.42,28.14,3.72
SHP-0064,2.05,6.79,82.45,10.03,395.28,3.8,79.88,6,1.0,31.89,83.85,92.28,15.02
SHP-0385,2.83,0.63,,13.53,516.81,7.2,88.99,4,5.0,30.4,69.14,115.47,10.24
SHP-0381,2.69,6.68,80.94,8.75,430.23,7.7,63.71,7,1.0,31.77,70.13,83.66,11.07
SHP-0231,2.89,5.93,72.12,11.05,310.66,6.1,81.95,5,2.0,31.53,76.13,83.52,24.21
SHP-0298,4.75,1.93,81.43,12.19,500.28,6.5,68.19,7,3.0,36.61,81.52,104.12,17.28
SHP-0187,5.05,6.2,74.27,13.32,423.91,1.4,74.84,3,3.0,38.49,79.15,85.78,29.46
SHP-0335,5.96,4.72,70.77,11.99,419.24,9.9,97.5,7,0.0,27.09,84.25,103.1,16.14
SHP-0200,2.14,6.58,80.41,14.96,817.56,6.6,79.99,4,3.0,30.49,67.32,169.24,24.0
SHP-0337,2.71,1.0,68.57,16.32,502.8,7.7,92.36,6,2.0,32.25,91.52,131.44,12.24
SHP-0122,2.56,4.25,81.56,9.79,422.65,6.6,87.95,7,2.0,29.17,87.47,98.51,9.32
SHP-0457,4.01,1.74,63.57,8.14,356.55,5.3,75.55,7,2.0,39.24,60.55,76.27,10.4
SHP-0422,7.36,9.55,82.41,13.69,524.21,6.1,64.03,6,1.0,39.67,70.77,128.82,49.19
SHP-0308,3.14,2.06,75.64,7.71,419.92,6.9,76.89,8,2.0,30.98,75.94,82.78,6.25
SHP-0450,2.29,4.44,71.63,5.4,142.1,10.0,52.08,8,,26.28,90.88,47.27,0.0
SHP-0159,2.06,1.83,83.57,12.9,446.33,6.8,92.56,4,,41.8,73.67,103.27,3.66
SHP-0086,3.3,2.94,73.34,12.0,405.66,6.5,54.08,6,3.0,32.41,62.8,102.02,11.7
SHP-0226,6.16,2.14,67.15,,239.37,5.5,75.21,8,2.0,31.81,99.9,62.93,2.41
SHP-0263,0.2,2.75,75.67,11.31,431.21,8.9,74.32,4,4.0,45.01,75.85,97.38,0.0
SHP-0332,2.58,0.98,74.55,12.23,620.3,6.0,69.72,4,5.0,36.57,77.62,126.37,11.81
SHP-0476,3.75,2.61,,,388.45,6.7,90.5,4,1.0,39.48,77.91,95.12,8.99
SHP-0077,4.36,5.58,69.64,9.57,419.41,4.8,64.62,9,0.0,38.91,88.85,99.34,18.1
SHP-0382,3.12,6.57,92.71,10.0,466.55,5.7,97.19,8,,40.23,81.32,101.32,25.12
SHP-0368,4.22,9.48,77.28,7.35,107.4,6.9,68.78,5,2.0,45.55,79.5,35.15,16.33
SHP-0088,4.79,1.34,80.26,,183.49,6.1,68.43,7,2.0,29.92,74.14,36.73,8.92
SHP-0109,4.66,1.7,84.03,11.01,450.43,5.9,54.46,6,1.0,39.67,94.0,96.31,11.56
SHP-0183,2.27,1.52,79.13,3.57,82.51,5.6,83.4,4,3.0,38.9,73.91,17.19,0.0
SHP-0106,4.93,7.7,98.0,9.58,321.88,9.5,58.5,4,2.0,33.12,70.16,72.66,14.43
SHP-0425,5.36,3.42,73.02,4.2,258.17,8.5,67.22,5,2.0,33.38,76.87,47.96,1.01
SHP-0050,1.03,0.35,70.23,9.16,454.9,4.7,76.97,7,4.0,32.01,81.39,105.19,0.0
SHP-0374,5.93,2.91,75.92,9.24,375.99,6.1,72.08,4,5.0,43.0,91.99,85.98,10.07
SHP-0006,3.78,1.25,84.07,11.15,491.29,7.6,67.72,6,0.0,33.44,70.05,106.74,8.35
SHP-0018,4.77,3.46,76.73,5.89,224.57,9.0,74.25,3,4.0,29.98,80.35,50.26,0.0
SHP-0235,8.06,2.92,69.87,11.56,446.11,6.5,100.0,0,1.0,31.28,70.78,108.79,30.61
SHP-0390,3.16,1.74,69.46,9.74,263.59,2.9,78.73,8,2.0,37.98,78.23,81.55,16.1
SHP-0107,7.6,0.33,82.52,20.58,900.0,3.5,68.88,5,3.0,37.4,73.29,,40.06
SHP-0135,2.55,0.58,91.82,12.08,344.57,6.7,48.19,3,4.0,34.91,72.6,68.58,2.98
SHP-0396,3.36,1.39,87.3,9.28,472.93,6.9,78.36,3,2.0,44.39,66.95,103.0,14.04
SHP-0227,4.32,5.42,81.73,4.62,154.2,7.3,78.98,6,3.0,34.65,86.82,46.85,2.74
SHP-0215,3.63,1.99,58.61,7.9,346.52,5.8,74.69,6,1.0,29.62,86.07,65.81,5.34
SHP-0191,3.4,8.46,68.64,12.54,644.9,6.4,69.11,3,,32.75,74.77,148.31,21.99
SHP-0432,0.53,4.54,72.46,10.8,570.87,6.0,69.2,7,2.0,39.38,88.64,118.51,8.78
SHP-0321,4.37,5.32,84.72,9.59,375.95,8.5,57.35,3,5.0,38.25,72.11,83.79,11.38
SHP-0283,7.05,1.41,81.88,7.82,380.97,5.5,86.07,5,1.0,42.4,62.93,78.27,34.86
SHP-0030,3.67,5.27,86.32,9.0,395.38,4.8,56.8,1,3.0,42.22,89.63,78.01,10.82
SHP-0170,2.84,5.98,83.05,6.47,357.63,4.2,81.68,6,2.0,46.75,68.13,76.04,27.04
SHP-0181,5.33,2.6,74.09,12.64,470.24,5.7,57.49,5,3.0,37.82,100.0,108.76,14.63
SHP-0101,1.65,2.97,87.91,14.4,708.36,7.1,71.9,4,3.0,32.71,70.47,152.95,18.04
SHP-0198,4.48,3.24,81.75,10.74,328.67,4.1,86.79,4,,34.33,76.05,71.39,19.49
SHP-0210,11.13,2.07,71.57,7.96,114.28,,70.65,5,,32.24,85.81,36.3,20.17
SHP-0136,6.99,3.79,74.8,12.58,612.92,6.2,61.54,5,2.0,34.07,69.99,137.49,37.13
SHP-0462,4.26,3.36,85.16,15.69,563.11,2.5,58.24,7,0.0,34.46,73.54,136.41,34.99
SHP-0420,4.32,9.61,76.59,4.68,288.33,6.9,70.55,4,1.0,42.24,68.15,61.81,17.83
SHP-0199,4.3,3.98,70.01,17.2,900.0,5.7,81.53,6,0.0,34.58,86.36,,33.51
SHP-0167,5.68,5.21,77.34,11.41,480.48,10.0,53.01,5,2.0,34.3,88.56,114.05,7.68
SHP-0379,8.14,0.95,73.71,15.94,730.47,6.8,61.67,6,1.0,39.67,84.65,146.72,28.09
SHP-0137,2.79,2.88,79.8,12.22,455.08,7.1,73.1,3,4.0,43.0,74.02,109.01,14.84
SHP-0286,0.69,1.15,86.24,5.99,312.22,10.0,35.0,7,0.0,29.04,85.7,73.49,0.0
SHP-0336,3.94,3.54,80.59,14.56,504.07,6.4,47.24,6,1.0,41.09,76.31,111.67,21.61
SHP-0132,4.32,3.64,,10.89,327.86,5.7,71.25,2,1.0,27.2,78.8,64.23,16.11
SHP-0040,4.55,4.39,90.49,14.51,481.95,7.0,61.61,6,1.0,36.71,86.19,93.59,20.85
SHP-0216,5.57,2.43,85.07,10.61,478.4,6.3,84.76,6,0.0,35.06,48.57,108.1,25.45
SHP-0044,3.66,4.28,72.58,9.14,407.93,7.2,68.23,4,2.0,29.31,58.68,75.29,10.98
SHP-0055,6.06,0.26,87.49,5.06,187.25,3.8,56.96,7,1.0,31.57,,62.73,9.04
SHP-0466,3.8,3.48,85.17,6.77,216.45,6.6,47.97,6,2.0,31.31,91.83,51.35,0.19
SHP-0300,5.33,5.26,85.89,14.46,331.01,8.2,100.0,5,4.0,24.9,81.83,84.66,17.96
SHP-0447,4.86,0.94,79.71,5.65,188.35,8.1,40.58,4,3.0,32.2,73.68,43.09,0.0
SHP-0305,4.16,1.92,79.56,12.69,504.16,6.9,80.44,6,0.0,27.43,80.5,98.28,11.82
SHP-0036,2.0,4.9,73.15,3.01,61.25,4.7,57.59,4,,29.97,59.25,21.09,0.0
SHP-0316,4.24,9.27,,10.98,653.26,4.3,78.46,7,1.0,27.54,90.43,122.06,32.97
SHP-0310,3.84,4.59,88.54,16.2,713.94,5.3,80.28,4,2.0,33.34,68.72,156.08,30.4
SHP-0277,4.56,2.31,92.99,5.24,224.65,8.7,64.5,6,2.0,31.48,58.1,56.1,8.95
SHP-0125,5.26,6.84,76.93,6.38,240.75,6.3,58.64,2,,32.64,77.29,53.29,16.94
SHP-0143,1.31,4.71,73.59,12.37,436.77,5.3,83.7,4,3.0,42.49,84.23,103.11,6.61
SHP-0111,0.75,7.81,88.32,14.34,648.39,7.3,63.86,5,0.0,36.45,85.57,140.71,14.71
SHP-0324,7.97,8.32,75.07,16.65,766.32,7.4,64.13,2,2.0,37.11,76.83,165.8,48.27
SHP-0333,4.34,7.32,81.23,5.55,316.84,5.0,82.87,4,1.0,41.21,80.34,48.77,25.08
SHP-0428,5.43,0.71,67.44,11.45,482.63,5.9,80.88,4,1.0,41.4,85.41,98.35,14.38
SHP-0108,4.51,0.86,63.91,,315.75,4.7,71.88,8,1.0,42.01,89.21,53.77,6.05
SHP-0435,6.9,3.79,65.96,14.94,682.08,4.8,62.15,4,1.0,24.03,96.95,146.41,29.17
SHP-0013,4.64,6.34,77.88,9.49,446.53,4.9,78.51,3,0.0,33.29,71.03,92.65,27.07
SHP-0273,6.29,1.87,78.91,11.51,537.16,7.0,100.0,4,3.0,45.3,78.87,118.53,25.68
SHP-0048,6.1,6.13,79.48,15.58,684.69,7.1,69.44,7,1.0,31.7,76.4,147.17,42.08
SHP-0204,6.1,4.77,76.37,6.11,310.93,6.3,62.32,6,3.0,29.64,88.58,70.23,14.03
SHP-0418,4.41,0.9,71.25,10.42,414.22,5.0,85.11,3,2.0,37.14,85.57,79.32,3.71
SHP-0120,5.55,5.11,,9.88,369.39,6.5,97.15,5,4.0,33.74,84.32,77.27,13.8
SHP-0022,3.79,2.05,70.92,11.71,571.95,5.9,66.26,3,4.0,33.73,72.79,108.26,18.3
SHP-0084,3.27,3.48,84.53,18.93,634.99,5.8,66.6,7,1.0,22.92,72.56,143.26,27.68
SHP-0131,1.41,4.47,70.9,14.22,538.72,10.0,52.54,5,2.0,32.35,100.0,123.77,3.87
SHP-0472,0.2,2.81,70.1,3.99,236.87,4.1,48.75,6,2.0,28.55,84.46,54.4,0.79
SHP-0330,5.33,2.48,90.17,8.73,422.34,8.1,45.9,4,0.0,31.49,79.69,80.46,12.91
SHP-0230,5.42,7.09,87.32,13.5,591.74,6.3,94.26,5,4.0,29.07,81.77,137.75,22.82
SHP-0176,5.69,3.23,70.32,8.77,264.06,9.1,51.44,7,4.0,37.34,91.39,64.62,0.19
SHP-0287,3.93,2.79,75.32,12.96,628.79,3.3,62.67,8,1.0,49.0,99.93,139.97,26.58
SHP-0124,1.68,2.16,73.12,15.05,491.11,5.0,76.21,9,1.0,26.67,73.9,125.84,17.0
SHP-0034,2.3,6.67,74.1,13.24,641.55,,69.43,9,0.0,31.22,71.21,132.13,29.11
SHP-0464,4.59,1.99,79.17,13.92,490.99,5.0,66.47,5,0.0,27.52,63.57,100.95,23.55
SHP-0005,3.78,1.93,82.33,13.81,597.45,7.9,91.54,5,0.0,29.84,71.82,134.38,20.56
SHP-0412,2.18,12.51,88.52,12.75,566.35,6.3,75.18,4,1.0,45.43,64.52,120.4,33.64
SHP-0020,1.66,2.75,70.53,6.54,220.03,6.0,92.25,8,2.0,30.49,75.33,54.62,0.47
SHP-0220,4.35,1.67,82.13,9.96,424.74,7.5,47.54,8,0.0,43.48,67.76,94.28,12.26
SHP-0380,2.75,9.62,84.46,11.42,309.87,6.8,99.18,4,2.0,31.91,100.0,72.35,6.65
SHP-0295,4.84,8.41,77.36,9.92,284.87,2.7,51.38,4,1.0,41.07,64.76,67.18,32.6
SHP-0357,4.17,11.12,81.28,1.5,85.08,9.6,73.12,6,1.0,36.26,84.13,14.35,0.0
SHP-0150,4.73,1.99,87.67,13.79,604.16,,83.95,6,1.0,36.86,57.53,120.13,25.91
SHP-0225,3.35,15.04,80.35,7.37,305.31,7.2,78.87,9,2.0,34.85,86.05,60.74,18.33
SHP-0248,3.02,3.86,69.92,8.74,429.24,7.2,74.4,6,1.0,29.46,85.69,,0.0
SHP-0441,4.89,3.71,80.55,7.98,393.42,7.1,68.17,3,4.0,25.06,72.0,96.02,6.7
SHP-0152,4.82,1.4,82.74,11.63,529.53,5.5,79.31,4,2.0,37.38,64.67,104.88,20.69
SHP-0471,3.7,5.13,76.31,12.6,563.03,5.8,78.54,5,3.0,35.01,81.32,120.41,20.47
SHP-0318,3.64,6.83,77.82,15.96,545.52,4.2,65.14,8,3.0,33.61,63.42,134.72,32.4
SHP-0292,3.31,2.66,69.46,9.24,333.78,4.2,64.36,4,3.0,36.19,72.07,80.04,6.92
SHP-0234,3.03,5.3,87.19,,261.78,5.3,96.97,3,4.0,38.69,73.2,70.46,17.91
SHP-0011,3.37,1.31,66.17,9.87,346.74,6.5,77.88,4,2.0,39.47,81.59,77.94,9.38
SHP-0280,3.51,0.17,88.25,12.55,502.41,8.9,70.36,4,5.0,38.46,81.16,113.74,4.0
SHP-0072,6.97,0.53,82.06,8.82,400.1,9.5,57.42,4,1.0,29.38,81.46,,4.56
SHP-0253,8.02,9.23,76.54,10.0,340.04,7.3,61.91,5,3.0,33.65,57.9,71.2,40.75
SHP-0093,2.94,0.76,83.3,2.08,20.0,4.4,65.4,6,3.0,36.93,76.58,20.05,0.0
SHP-0470,3.16,1.08,72.25,15.61,592.85,6.1,67.26,5,3.0,32.42,94.98,126.52,12.75
SHP-0350,3.82,6.3,72.58,,510.9,5.9,65.74,4,4.0,47.3,78.93,111.92,26.9
SHP-0416,2.85,2.97,65.18,3.74,257.43,8.5,48.29,6,2.0,37.93,64.75,50.5,0.0
SHP-0375,8.08,3.37,83.91,12.88,482.42,4.7,87.41,7,2.0,29.71,75.63,99.34,26.44
SHP-0401,1.33,3.95,79.52,2.53,128.77,,66.79,3,,35.79,65.91,29.96,0.0
SHP-0193,4.59,8.67,77.78,10.24,497.74,9.3,79.31,9,0.0,31.88,72.81,100.28,25.18
SHP-0258,2.93,1.0,70.37,5.12,122.29,4.4,82.3,5,2.0,42.06,94.63,14.42,0.0
SHP-0473,1.47,3.73,76.95,14.21,712.64,5.2,40.51,8,2.0,34.58,74.79,152.92,19.37
SHP-0340,3.19,2.51,79.61,4.97,185.02,8.2,75.12,2,4.0,34.78,60.94,40.46,2.81
SHP-0116,4.74,2.75,71.2,8.63,370.13,8.1,70.98,5,2.0,39.47,79.4,94.07,7.89
SHP-0196,4.89,1.35,74.34,4.76,181.05,8.1,40.54,4,1.0,48.34,77.14,47.51,0.0
SHP-0344,3.29,6.76,74.2,9.7,553.24,6.6,93.89,3,3.0,41.4,88.06,119.52,17.03
SHP-0138,3.62,2.12,85.46,10.36,471.17,2.1,81.51,3,2.0,26.13,73.53,104.36,19.86
SHP-0261,2.53,3.08,80.58,8.19,429.03,3.3,67.16,2,2.0,30.42,78.57,94.43,11.23
SHP-0039,1.81,2.84,88.41,14.13,569.45,7.3,78.43,3,1.0,40.06,77.62,140.62,10.0
SHP-0202,5.21,4.42,87.82,8.03,315.57,6.0,56.09,6,1.0,40.2,85.93,67.53,14.67
SHP-0459,3.2,3.31,80.14,13.13,562.64,7.2,80.92,6,4.0,30.54,,121.18,12.69
SHP-0291,3.83,1.36,94.5,1.5,89.19,6.2,73.69,4,3.0,30.8,72.36,29.84,0.0
SHP-0449,3.28,4.82,75.45,12.72,594.2,10.0,89.36,4,2.0,25.46,,137.06,14.71
SHP-0190,1.47,2.17,73.74,1.98,48.18,5.8,55.34,2,0.0,28.4,80.29,10.06,0.0
SHP-0252,5.85,4.41,72.18,8.2,412.92,2.6,79.05,4,3.0,32.01,73.07,97.18,25.73
SHP-0113,4.31,1.19,76.89,11.23,587.8,,67.67,3,3.0,38.91,45.58,142.51,17.4
SHP-0438,1.72,7.65,66.34,14.77,541.96,6.9,79.03,5,1.0,33.25,74.94,135.22,14.53
SHP-0184,5.07,8.64,63.85,6.95,241.53,4.3,95.39,6,1.0,32.88,67.44,53.9,23.14
SHP-0153,2.98,6.86,84.23,6.11,296.29,5.4,66.21,6,2.0,37.9,61.48,76.04,16.3
SHP-0313,5.69,2.71,88.54,10.66,498.03,10.0,84.5,5,0.0,25.82,79.02,109.42,8.65
SHP-0326,2.01,4.05,70.62,10.92,450.43,3.9,71.97,2,2.0,36.98,74.54,96.6,15.88
SHP-0192,5.74,2.31,55.02,5.04,235.95,4.4,63.18,1,0.0,28.83,80.69,38.85,7.41
SHP-0045,1.54,2.38,94.11,8.77,482.89,9.9,77.6,3,4.0,39.31,,116.62,0.0
SHP-0445,1.85,6.46,76.72,7.3,235.01,6.9,91.98,6,2.0,41.76,80.38,53.13,0.0
SHP-0276,5.03,1.87,,,767.99,4.6,84.97,3,1.0,30.46,64.7,156.6,25.82
SHP-0007,7.04,9.86,73.39,7.55,366.29,4.8,64.31,8,1.0,41.96,57.28,85.79,44.15
SHP-0251,1.93,2.09,78.17,9.44,393.83,8.6,97.01,4,5.0,32.48,69.75,96.43,0.0
SHP-0312,6.18,3.65,87.12,4.13,253.87,4.6,70.68,8,4.0,31.33,80.31,37.84,12.72
SHP-0076,5.68,3.62,71.29,11.48,500.36,8.5,76.56,3,1.0,37.65,73.35,118.39,26.47
SHP-0001,5.09,3.01,67.06,9.61,438.82,6.8,94.0,6,2.0,36.18,78.34,91.21,18.5
SHP-0429,6.11,0.38,73.11,13.55,465.61,5.4,73.87,5,6.0,29.97,83.35,108.63,16.78
SHP-0392,5.09,1.38,91.68,9.01,516.31,10.0,74.06,5,2.0,24.56,93.9,106.29,0.3
SHP-0384,3.25,0.88,75.21,12.42,512.54,7.3,74.03,3,3.0,37.55,82.54,114.05,3.28
SHP-0433,3.72,4.99,66.75,11.75,505.35,8.2,77.9,1,0.0,20.88,100.0,107.75,8.29
SHP-0069,4.85,1.47,78.46,,319.14,4.1,68.64,1,1.0,42.36,68.91,60.25,11.36
SHP-0168,7.61,4.41,77.03,14.28,763.99,7.9,72.71,5,0.0,34.69,85.88,165.24,28.82
SHP-0393,1.82,1.22,,8.57,427.18,5.8,82.66,8,4.0,28.89,70.5,102.17,6.7
SHP-0219,3.33,2.9,78.54,10.0,479.06,9.0,78.36,3,2.0,36.35,79.52,110.67,7.89
SHP-0043,3.99,2.95,81.68,5.58,233.72,4.4,82.21,4,0.0,39.9,68.37,62.86,19.3
SHP-0367,4.6,4.26,73.72,10.76,307.01,7.1,96.81,7,2.0,41.44,75.12,71.89,17.81
SHP-0346,4.62,3.15,67.23,10.61,607.13,7.1,77.1,5,1.0,41.48,80.61,117.84,22.62
SHP-0073,4.14,8.88,82.31,12.79,395.25,7.6,68.4,7,0.0,41.55,71.7,86.0,25.02
SHP-0024,1.64,3.6,91.69,17.1,683.76,2.2,67.03,6,3.0,20.0,86.46,154.46,17.63
SHP-0399,3.99,0.94,85.8,15.68,639.32,7.6,79.44,4,2.0,35.21,84.04,139.23,10.9
SHP-0186,5.49,4.07,76.82,6.24,421.74,5.4,84.65,4,1.0,36.44,67.75,70.88,24.93
SHP-0349,2.91,3.13,70.0,3.57,144.24,4.7,82.34,6,2.0,21.8,,36.07,0.0
SHP-0104,2.76,2.72,91.62,11.99,613.22,4.4,80.91,2,1.0,30.72,90.64,134.37,24.26
SHP-0408,3.94,1.85,88.99,12.92,205.58,6.5,70.96,5,1.0,46.15,72.23,67.09,6.22
SHP-0212,6.24,5.25,75.83,2.92,92.47,,76.61,1,1.0,23.91,89.36,33.18,0.0
SHP-0068,6.01,5.69,85.42,8.52,463.29,4.1,48.9,5,3.0,32.17,76.78,89.39,25.9
SHP-0026,4.4,1.9,,13.68,514.34,7.0,63.36,3,1.0,31.85,73.1,124.81,14.73
SHP-0197,2.61,1.72,73.18,,20.0,6.7,68.23,3,3.0,35.06,55.84,22.53,0.0
SHP-0176,5.69,3.23,70.32,8.77,264.06,9.1,51.44,7,4.0,37.34,91.39,64.62,0.19
